iter,total_num_steps,fps,entropy,value_loss,action_loss,mean_rew,median_rew,min_rew,max_rew,test_mean_rew,test_median_rew,test_min_rew,test_max_rew
1,39984,374,-1.7760574652598455,6729.132687064929,-0.005872889680270022,-390.6104131249999,-228.9855225,-8718.973159,40.54069,-268.006958,-268.006958,-268.006958,-268.006958
2,79968,362,-1.782521538856702,7152.204108370267,0.0002263563305090289,-444.60357691071425,-227.4537705,-9044.807968,-129.813571,-304.200668,-304.200668,-304.200668,-304.200668
3,119952,360,-1.7750882922074733,9544.471218422132,-0.0015791675018800352,-511.7985676428571,-222.54644100000002,-9710.533432,-87.599518,-259.11628,-259.11628,-259.11628,-259.11628
4,159936,359,-1.7818592606446682,9093.117528983874,0.0002117420200076408,-408.2783386607143,-226.6299565,-6080.961462,-75.652586,-202.807104,-202.807104,-202.807104,-202.807104
5,199920,359,-1.7858375057196005,13532.547290039063,-0.0015516898475769455,-514.3456544107142,-237.561685,-6501.872061,-94.811254,-249.923545,-249.923545,-249.923545,-249.923545
6,239904,359,-1.791225814513671,12081.561807798727,-0.0032191686277003146,-424.65723294642856,-220.5255575,-7316.961927,-118.645117,-199.495996,-199.495996,-199.495996,-199.495996
7,279888,360,-1.8027026631893255,11824.639430901943,-0.002590612246174901,-501.4862630178572,-227.0531525,-12066.019442,-83.334558,-457.739732,-457.739732,-457.739732,-457.739732
8,319872,360,-1.8119870045246222,19312.007639410556,0.0006791400520925004,-307.3490263392857,-235.539904,-2171.087972,-119.126694,-189.524254,-189.524254,-189.524254,-189.524254
9,359856,361,-1.8171619702608157,12757.021119416066,-0.003593132595154039,-283.909053125,-193.1945225,-3400.105031,-92.965897,-539.185195,-539.185195,-539.185195,-539.185195
10,399840,361,-1.8296920858896695,13986.883868603829,-0.002777403525975294,-542.8348150892857,-219.952694,-10353.434445,132.752904,-195.719196,-195.719196,-195.719196,-195.719196
11,439824,362,-1.8405650462859715,11466.301239326673,-0.0010932062605719787,-305.3872109464286,-222.756592,-2045.742319,-125.326979,-221.801295,-221.801295,-221.801295,-221.801295
12,479808,362,-1.8474632140917655,10911.495547172352,-0.0023707365407925605,-203.2241784107143,-192.6772075,-448.596997,-24.380046,-209.511199,-209.511199,-209.511199,-209.511199
13,519792,361,-1.8620312314767105,15105.67244904347,-0.0006117049613049648,-459.06435114285716,-205.2275325,-8008.311324,-100.753879,-169.490917,-169.490917,-169.490917,-169.490917
14,559776,360,-1.8704599942916478,14847.069720771986,0.0010251315278508582,-218.04089267857142,-205.4589,-476.132353,-4.753342,-154.878491,-154.878491,-154.878491,-154.878491
15,599760,359,-1.8689860646541303,9723.183742581881,-0.005603551916432573,-272.4944816428571,-205.4759075,-1827.781315,-116.709211,-157.703517,-157.703517,-157.703517,-157.703517
16,639744,358,-1.8733703570488172,9157.642280069987,-0.0024220074611478663,-445.16124467857145,-207.656612,-5299.015442,-122.369323,-237.195054,-237.195054,-237.195054,-237.195054
17,679728,357,-1.8879224728315305,4992.132153985439,-0.004865956298413156,-268.84065775,-213.12504,-1546.891831,-75.346787,-176.842543,-176.842543,-176.842543,-176.842543
18,719712,356,-1.8976664320016519,5597.801513280624,0.004498439745489472,-432.41566792857145,-177.8413905,-10227.622311,-56.824943,-252.627192,-252.627192,-252.627192,-252.627192
19,759696,355,-1.9033083050678938,4627.859157347068,-0.0005856556390240141,-438.54441244642857,-164.542766,-4856.578747,-67.688462,-182.340497,-182.340497,-182.340497,-182.340497
20,799680,355,-1.9165213227272033,6247.857099484175,-0.005042192179900713,-199.89003026785713,-175.20478200000002,-1468.042701,-78.81158,-189.048563,-189.048563,-189.048563,-189.048563
21,839664,354,-1.926375691095988,2150.5904219798554,-0.0031328217977716123,-209.4202768392857,-166.0660005,-2591.155686,-55.117896,-203.796839,-203.796839,-203.796839,-203.796839
22,879648,353,-1.9702170258913285,1153.1929486250267,-0.006060810147214514,-192.97100301785713,-167.355414,-1528.441925,-55.376221,-110.831727,-110.831727,-110.831727,-110.831727
23,919632,352,-2.019491615662208,1091.2586432041267,-0.006901553527187879,-156.1915039107143,-149.6851985,-426.692702,-45.191704,-132.987642,-132.987642,-132.987642,-132.987642
24,959616,352,-2.1427134507741683,227.4546030875964,-0.007898617582843425,-123.66232035714286,-100.1704255,-553.979259,-57.07204,-81.067581,-81.067581,-81.067581,-81.067581
25,999600,351,-2.20178007773864,442.27110439202727,-0.007652440117687011,-107.69928326785715,-86.5693675,-280.55303,-52.307799,-70.133969,-70.133969,-70.133969,-70.133969
26,1039584,351,-2.263380086116302,610.8119288713505,-0.006631712345314064,-100.21394664285715,-86.085937,-457.796426,-52.734393,-55.397145,-55.397145,-55.397145,-55.397145
27,1079568,350,-2.334270274333465,82.4161661245884,-0.00838762761934329,-90.84410373214284,-79.421492,-207.037673,-24.228655,-51.201354,-51.201354,-51.201354,-51.201354
28,1119552,350,-2.3755302728750767,384.74576587677,-0.005545051567157945,-83.05851048214286,-65.24901750000001,-317.158225,-46.523337,-48.08166,-48.08166,-48.08166,-48.08166
29,1159536,349,-2.4480283046380067,280.4671260894873,-0.006095958671171385,-67.78465444642858,-64.053544,-150.625365,-48.028834,-47.851107,-47.851107,-47.851107,-47.851107
30,1199520,348,-2.6114717899224695,30.565400633445154,-0.011241603513385948,-74.80023310714286,-65.85603449999999,-226.153437,-49.706889,-51.979025,-51.979025,-51.979025,-51.979025
31,1239504,348,-2.6836822234667266,41.387275453714224,-0.00866629139628656,-66.42649892857142,-63.1333665,-165.777762,-44.729997,-44.715781,-44.715781,-44.715781,-44.715781
32,1279488,348,-2.844780398026491,15.22149841418633,-0.008599602131587931,-64.42928403571429,-61.713003,-203.243066,-46.391864,-42.434423,-42.434423,-42.434423,-42.434423
33,1319472,347,-2.947739058274489,15.239700688459934,-0.008692371663087565,-58.37036033928572,-55.530483,-90.136066,-38.951399,-34.824234,-34.824234,-34.824234,-34.824234
34,1359456,347,-2.9992895077436397,163.21281768970002,-0.0036321979938433147,-58.60880132142857,-56.486271,-119.373379,-40.173681,-33.999816,-33.999816,-33.999816,-33.999816
35,1399440,346,-3.0954948951036503,23.466332387924194,-0.00908472018885592,-58.646114125000004,-56.8785405,-96.204698,-34.38976,-34.649539,-34.649539,-34.649539,-34.649539
36,1439424,346,-3.2375032510512916,8.504376376592196,-0.007876721992029044,-53.490852124999996,-53.031833,-75.941331,-36.092595,-32.21344,-32.21344,-32.21344,-32.21344
37,1479408,346,-3.3768773225637583,6.827909235923718,-0.017449517292343678,-50.08261507142856,-48.824709999999996,-62.408694,-36.384346,-32.103086,-32.103086,-32.103086,-32.103086
38,1519392,345,-3.5247185921057675,6.650988091872288,-0.02117811150923304,-52.61008746428571,-50.5191175,-101.125748,-39.845391,-30.383246,-30.383246,-30.383246,-30.383246
39,1559376,345,-3.6376963266959557,7.590639025737078,-0.018922162826772993,-49.71988364285715,-49.34234,-64.970505,-35.365481,-32.862827,-32.862827,-32.862827,-32.862827
40,1599360,345,-3.7696223998681093,6.491054850358229,-0.016235768042389364,-47.70815030357143,-46.896695,-73.466186,-34.848592,-27.643577,-27.643577,-27.643577,-27.643577
41,1639344,344,-3.893826632621961,5.9098871585650325,-0.01948894725945791,-46.89416016071429,-46.190886500000005,-80.269496,-33.314909,-25.41439,-25.41439,-25.41439,-25.41439
42,1679328,344,-3.995571732521057,7.299495724531321,-0.01434548265880529,-46.548307196428574,-46.4308135,-85.315436,-32.58103,-25.2414,-25.2414,-25.2414,-25.2414
43,1719312,344,-4.1477482245518615,4.3822853546876175,-0.020834303253093076,-42.66246833928572,-42.69104900000001,-69.57286,-30.61472,-27.699224,-27.699224,-27.699224,-27.699224
44,1759296,343,-4.272689486772586,4.110818938414256,-0.020809744521988575,-44.07192123214286,-42.5309315,-72.36231,-31.042121,-24.089881,-24.089881,-24.089881,-24.089881
45,1799280,343,-4.388404804620987,4.668918760006244,-0.024181518321798205,-43.79064469642857,-40.7031025,-151.25451,-32.59885,-28.862073,-28.862073,-28.862073,-28.862073
46,1839264,343,-4.51775641808143,4.678917812078427,-0.017757835704497456,-45.58356596428571,-40.7166455,-190.133881,-27.40443,-25.135164,-25.135164,-25.135164,-25.135164
47,1879248,343,-4.569682947794596,144.29246263901393,-0.005356041150848913,-39.53459328571428,-39.1759305,-50.742226,-28.18149,-29.509105,-29.509105,-29.509105,-29.509105
48,1919232,342,-4.702211086566631,2.8330599911701984,-0.019340406606669348,-36.986854089285714,-36.9660195,-51.76208,-26.563205,-27.935721,-27.935721,-27.935721,-27.935721
49,1959216,342,-4.83303408011412,3.349739206601412,-0.014137835849031688,-36.18396526785715,-35.9456385,-53.400447,-24.697163,-29.08756,-29.08756,-29.08756,-29.08756
50,1999200,342,-4.963706179154225,3.4579511732627184,-0.020376448191326255,-37.583363767857136,-36.8036225,-62.532284,-28.36377,-28.337392,-28.337392,-28.337392,-28.337392
51,2039184,342,-5.080164982722356,3.6059035750535817,-0.0123203510200069,-38.78042546428571,-36.724137999999996,-181.534405,-27.881889,-28.951632,-28.951632,-28.951632,-28.951632
52,2079168,342,-5.216364976687309,2.587703809982691,-0.012411466175809694,-34.46294701785714,-33.979767499999994,-47.573148,-26.12508,-27.454631,-27.454631,-27.454631,-27.454631
53,2119152,341,-5.34013121678279,1.9037834002421452,-0.022489396648971028,-34.83266510714286,-34.736891,-43.30842,-26.310977,-29.857867,-29.857867,-29.857867,-29.857867
54,2159136,341,-5.367638658865904,63.271121847476714,-0.005373951112872023,-34.55068167857143,-33.3043605,-49.624737,-25.512125,-28.818876,-28.818876,-28.818876,-28.818876
55,2199120,341,-5.476579557321011,1.8403029640515645,-0.020018126117531957,-32.769044196428574,-33.455374,-42.723187,-25.40603,-29.33767,-29.33767,-29.33767,-29.33767
56,2239104,341,-5.613706131470509,1.7089357918653734,-0.014352623556848042,-32.61753714285714,-32.57149,-45.803138,-25.203946,-25.375841,-25.375841,-25.375841,-25.375841
57,2279088,340,-5.751650785788511,1.8960704588737243,-0.02024145743364501,-31.97312019642857,-31.427052000000003,-42.962353,-25.621837,-25.026603,-25.026603,-25.026603,-25.026603
58,2319072,340,-5.898728573627961,1.5335216594048036,-0.02300784492533869,-31.219161142857143,-30.5556345,-42.430353,-20.488557,-24.412692,-24.412692,-24.412692,-24.412692
59,2359056,340,-6.028085580238929,1.4013043774244114,-0.028929898903245488,-30.14366401785714,-29.059326,-44.505455,-22.668603,-23.246153,-23.246153,-23.246153,-23.246153
60,2399040,340,-6.130570214833969,1.3609077209081406,-0.018098622040773848,-28.713195339285715,-28.361777,-37.063158,-20.016423,-20.117456,-20.117456,-20.117456,-20.117456
61,2439024,340,-6.24773949109591,1.6598571089597849,-0.02974317937019245,-28.92860178571428,-28.2877235,-48.59763,-18.573023,-20.047429,-20.047429,-20.047429,-20.047429
62,2479008,339,-6.37712729649666,1.3879590829977622,-0.03298182289813084,-27.751927821428573,-26.951635500000002,-42.471673,-21.520825,-21.454564,-21.454564,-21.454564,-21.454564
63,2518992,339,-6.493462904905662,1.2220742555765005,-0.02020682471219259,-26.630286946428573,-25.994508500000002,-35.215334,-18.306223,-15.322027,-15.322027,-15.322027,-15.322027
64,2558976,339,-6.6238128405350905,1.3639148419484115,-0.023862495054401314,-25.195292249999998,-24.5567225,-34.034716,-17.849357,-16.065458,-16.065458,-16.065458,-16.065458
65,2598960,339,-6.758668425144293,1.3031313297076104,-0.026123198380371786,-25.296082589285714,-25.391773,-32.773767,-17.683473,-12.749117,-12.749117,-12.749117,-12.749117
66,2638944,339,-6.883817832897871,1.485641274161828,-0.020735462703035012,-24.407037607142854,-24.755197,-31.550053,-15.89771,-15.962321,-15.962321,-15.962321,-15.962321
67,2678928,339,-7.002234687560644,1.3165735480112908,-0.03202402641898236,-23.31181251785714,-22.694358,-34.835812,-15.266063,-13.331274,-13.331274,-13.331274,-13.331274
68,2718912,339,-7.080869969343528,2.5183397008058352,-0.014241162378927514,-23.036740946428573,-22.573962,-32.474002,-15.863978,-11.85834,-11.85834,-11.85834,-11.85834
69,2758896,339,-7.205134054330679,1.19468579521546,-0.0324652154848781,-21.02463585714286,-20.2897535,-29.869673,-12.459652,-8.392538,-8.392538,-8.392538,-8.392538
70,2798880,339,-7.234584097984509,263.2156576578434,-0.0002545305592484044,-20.588025339285714,-19.995555500000002,-29.581555,-13.493387,-13.10906,-13.10906,-13.10906,-13.10906
71,2838864,338,-7.321010512572069,1.3453048632695124,-0.011990915371055823,-21.668742160714284,-20.9728495,-37.787784,-14.374557,-9.082215,-9.082215,-9.082215,-9.082215
72,2878848,338,-7.454186591123923,1.1411108271433756,-0.019489936257079347,-20.19649225,-19.8267415,-30.121192,-10.263285,-8.707742,-8.707742,-8.707742,-8.707742
73,2918832,338,-7.5781432457459275,1.1954072315723467,-0.025725276654823877,-19.88346201785714,-19.412574499999998,-32.085778,-10.250152,-7.366849,-7.366849,-7.366849,-7.366849
74,2958816,338,-7.742751956597353,1.0824468589746035,-0.0231895696553133,-18.97477566071429,-18.617062,-24.393639,-14.12496,-8.468091,-8.468091,-8.468091,-8.468091
75,2998800,338,-7.863017183695084,1.2975883583227794,-0.02881690868772029,-18.02773069642857,-18.213606,-27.606714,-10.789698,-6.021687,-6.021687,-6.021687,-6.021687
76,3038784,338,-7.99538909471952,1.1059771093038413,-0.020730411936566294,-16.867383999999998,-16.715362499999998,-24.998783,-9.364366,-6.743766,-6.743766,-6.743766,-6.743766
77,3078768,338,-8.123370025096795,1.1504695360477155,-0.0241513488951172,-16.906109964285715,-16.2416835,-27.756268,-7.741117,-5.101047,-5.101047,-5.101047,-5.101047
78,3118752,338,-8.252715536264272,1.1700028638809155,-0.02340410964066112,-15.879329875,-15.9078195,-25.022794,-7.634545,-5.105043,-5.105043,-5.105043,-5.105043
79,3158736,338,-8.298060018588336,13.758969589380117,-0.007957216226989262,-14.015224160714286,-14.4325185,-22.472384,-2.782784,-3.145,-3.145,-3.145,-3.145
80,3198720,338,-8.39557300958878,1.2313937516548694,-0.019850757737484133,-14.623560946428572,-14.160971,-21.845306,-8.410764,-2.264948,-2.264948,-2.264948,-2.264948
81,3238704,337,-8.517791435046073,1.131435851332469,-0.0148664203254903,-13.977459160714286,-14.1348655,-21.104565,-5.857917,-1.434849,-1.434849,-1.434849,-1.434849
82,3278688,337,-8.633666427318866,1.1099394443707589,-0.022296735231122092,-13.700309267857142,-13.5923745,-22.675519,-6.644173,-1.22883,-1.22883,-1.22883,-1.22883
83,3318672,337,-8.750983453408265,1.144688069056242,-0.018359841158776244,-13.389044839285715,-13.3413955,-29.187595,-6.208519,0.56827,0.56827,0.56827,0.56827
84,3358656,337,-8.803904007642696,26.574706938939215,-0.004836510922660427,-12.608514303571429,-12.1190795,-22.40504,-3.560638,0.58765,0.58765,0.58765,0.58765
85,3398640,337,-8.900516693408672,1.2090550001615132,-0.017473352498190927,-10.617639196428572,-10.0065855,-21.441521,-4.099734,3.396531,3.396531,3.396531,3.396531
86,3438624,337,-9.031348910698524,1.094154990865634,-0.020575373385732888,-10.12423719642857,-9.789313,-19.338378,-3.966348,4.425314,4.425314,4.425314,4.425314
87,3478608,337,-9.160109150715364,1.2531852138730195,-0.021087068260345777,-10.529826250000001,-10.515419999999999,-21.159501,-2.043054,3.563726,3.563726,3.563726,3.563726
88,3518592,337,-9.27021386073186,1.2458174663476456,-0.020342507713086468,-9.657053910714284,-9.033093000000001,-21.387096,-2.576125,5.106195,5.106195,5.106195,5.106195
89,3558576,337,-9.387182406890087,1.1029873614127819,-0.010075395898774075,-8.554650874999998,-7.9326335,-21.863662,-1.814586,5.777843,5.777843,5.777843,5.777843
90,3598560,337,-9.509941057058482,1.199626647356229,-0.022940721815841524,-7.919309375,-8.0490815,-18.537698,0.98512,1.977967,1.977967,1.977967,1.977967
91,3638544,337,-9.627031196692052,1.2683237253091275,-0.021025713122948313,-8.348478142857143,-7.8314675000000005,-29.382715,1.772917,6.492468,6.492468,6.492468,6.492468
92,3678528,337,-9.741012546343681,1.1485745282509388,-0.01825992644461831,-7.104778089285714,-6.226637,-18.913976,-0.429179,6.852613,6.852613,6.852613,6.852613
93,3718512,337,-9.849513442699726,1.2207418458584027,-0.022832996586713797,-6.626243964285714,-6.5799075,-17.360508,1.959682,8.479582,8.479582,8.479582,8.479582
94,3758496,337,-9.952857756003356,1.2657724186778068,-0.013609599413571115,-5.758124803571428,-5.060037,-16.082763,1.548925,10.223872,10.223872,10.223872,10.223872
95,3798480,337,-10.060613099122659,1.0489818332286982,-0.021184534469732452,-4.960277392857143,-4.9861755,-10.935985,-0.14109,10.807606,10.807606,10.807606,10.807606
96,3838464,337,-10.175609165582902,1.7670850574206083,-0.01726758252134926,-4.050461732142857,-4.521710000000001,-12.933239,3.037413,9.071073,9.071073,9.071073,9.071073
97,3878448,337,-10.28327812292637,1.0518703683828696,-0.019125838668305032,-3.564995892857143,-3.471537,-9.612627,2.548125,11.487966,11.487966,11.487966,11.487966
98,3918432,337,-10.371921373024964,1.1293533640794264,-0.015553823975064099,-3.3673258214285715,-3.2184825000000004,-13.182318,6.257009,11.142957,11.142957,11.142957,11.142957
99,3958416,337,-10.472315661112468,1.11826940988883,-0.024911963812654647,-1.8932328214285714,-2.104734,-12.66193,8.425557,11.765155,11.765155,11.765155,11.765155
100,3998400,338,-10.569738353827061,1.1778497379559738,-0.019373480495619915,-2.3829030535714284,-2.3524510000000003,-18.917389,4.742653,11.293326,11.293326,11.293326,11.293326
101,4038384,338,-10.667163271781726,1.027135454920622,-0.02290100613030611,-1.5757931607142857,-0.961314,-20.238253,4.664814,14.290369,14.290369,14.290369,14.290369
102,4078368,338,-10.790770271496894,1.0018342608824755,-0.02217680810856389,-0.3429835892857143,-0.192386,-10.317292,6.642508,14.947465,14.947465,14.947465,14.947465
103,4118352,338,-10.886599393991323,0.9904337892929713,-0.020816131811275576,0.14142250000000003,0.109099,-20.203608,7.262064,16.078836,16.078836,16.078836,16.078836
104,4158336,338,-11.001541262406569,0.9589110517348999,-0.022426771761751625,0.4946867678571429,0.282879,-7.266304,7.855858,16.082,16.082,16.082,16.082
105,4198320,338,-11.104597580738556,0.9465917546779682,-0.020556910461686458,0.9407711964285715,1.0100500000000001,-10.723148,8.387095,17.403564,17.403564,17.403564,17.403564
106,4238304,338,-11.207814913529615,0.9790319740772248,-0.019595521811294394,1.756079660714286,1.89115,-5.5314,9.635903,16.161768,16.161768,16.161768,16.161768
107,4278288,338,-11.313779165805915,0.9204836880549406,-0.016766153999887113,2.8738516964285714,3.200445,-5.693886,12.728791,16.552569,16.552569,16.552569,16.552569
108,4318272,338,-11.403962387182773,0.8920136875067002,-0.013573470834466533,2.9219959464285714,3.0111980000000003,-9.499569,9.734888,18.011114,18.011114,18.011114,18.011114
109,4358256,339,-11.508752920688726,0.8748996175730076,-0.01415492499326296,2.186981232142857,2.5424645,-5.652383,9.021856,16.261636,16.261636,16.261636,16.261636
110,4398240,339,-11.615121049147385,1.0378548522790274,-0.02223226323146194,3.90048325,4.206574,-15.325604,12.03279,18.193431,18.193431,18.193431,18.193431
111,4438224,339,-11.726067567482973,0.9812246465530151,-0.023488174798097672,4.454514053571429,4.8427500000000006,-6.867567,11.259161,17.860789,17.860789,17.860789,17.860789
112,4478208,339,-11.830228367829934,0.9609056879312564,-0.020407873482737416,4.615068428571429,4.3573745,-2.096462,13.300068,19.357547,19.357547,19.357547,19.357547
113,4518192,339,-11.940854270641621,0.892372181553107,-0.02109864128825183,5.436967607142857,5.7449335,-0.32574,11.440201,17.18605,17.18605,17.18605,17.18605
114,4558176,339,-12.040026388412867,0.8507318330116761,-0.020238683501837586,5.251809232142857,5.5575985,-4.566275,13.513702,15.334411,15.334411,15.334411,15.334411
115,4598160,339,-12.12157469529372,0.8633827960644013,-0.014981815849154,6.376351821428571,6.5531939999999995,-1.283552,12.667984,18.575368,18.575368,18.575368,18.575368
116,4638144,339,-12.225289484170768,0.9361854538703576,-0.019058861880815434,6.022168642857143,6.020654,-2.997186,13.210889,16.75547,16.75547,16.75547,16.75547
117,4678128,339,-12.31500147550534,0.9314545697126633,-0.018555627498277223,6.811549374999999,7.471245,-3.088273,14.337553,19.380769,19.380769,19.380769,19.380769
118,4718112,339,-12.396181206825451,0.9859266050350972,-0.021023666872767348,6.783668053571428,7.022307,-2.414373,12.80078,20.981465,20.981465,20.981465,20.981465
119,4758096,339,-12.49317289499136,0.9306148522939437,-0.0226577012535507,8.485947892857142,8.412853,-6.086591,17.448332,20.357991,20.357991,20.357991,20.357991
120,4798080,340,-12.578788148439848,1.0271601765583722,-0.015702779532054987,8.459296607142857,8.969516,-4.318268,13.194051,21.585933,21.585933,21.585933,21.585933
121,4838064,340,-12.683610104291867,0.9422801969525142,-0.015811603338583013,9.201222142857143,8.883417000000001,2.961136,17.132611,23.740953,23.740953,23.740953,23.740953
122,4878048,340,-12.79434152016273,0.9496020722847719,-0.025124136323201804,9.185939553571428,9.058990999999999,-1.974055,16.096994,24.031303,24.031303,24.031303,24.031303
123,4918032,340,-12.892853382306221,0.92490486067075,-0.010316398848842185,10.005291285714284,10.238652,2.074919,15.782007,20.564575,20.564575,20.564575,20.564575
124,4958016,340,-12.985313907036414,0.9473139209625049,-0.014767263683480008,10.714699821428573,10.5301975,2.829467,21.260492,22.614501,22.614501,22.614501,22.614501
125,4998000,340,-13.072701921218481,0.9760891657609206,-0.01563558709988287,10.377134982142858,10.823812,1.56791,16.762516,26.013395,26.013395,26.013395,26.013395
126,5037984,340,-13.154281357007148,0.9415973709943967,-0.019926204553802306,11.926295857142858,12.1032305,1.709094,19.985735,24.918427,24.918427,24.918427,24.918427
127,5077968,340,-13.23316058623485,0.8900344034800163,-0.01909567873301104,12.773112642857143,12.7182815,5.242677,21.413434,24.112124,24.112124,24.112124,24.112124
128,5117952,340,-13.321633960039188,0.8456692619965627,-0.017302822410354753,12.408402642857144,12.631916499999999,0.963759,22.151921,26.043502,26.043502,26.043502,26.043502
129,5157936,340,-13.40666681436392,0.9665575195581485,-0.019148514255730567,13.286848375000002,13.567271999999999,5.915565,19.8348,24.859614,24.859614,24.859614,24.859614
130,5197920,341,-13.492555491129558,0.9488632392424804,-0.016454318419015086,12.64939144642857,13.2239445,4.994719,18.523515,28.157394,28.157394,28.157394,28.157394
131,5237904,341,-13.571761948023086,0.9218405305957182,-0.017253226051121975,13.144922017857143,13.5105,2.108255,21.612244,29.068254,29.068254,29.068254,29.068254
132,5277888,341,-13.638433661827674,1.3264070702668949,-0.012984633026495338,13.875122696428573,14.503323000000002,1.36543,20.786134,27.943103,27.943103,27.943103,27.943103
133,5317872,341,-13.70911636597071,1.8462694197893144,-0.017041007788532462,14.196093785714286,14.266077500000002,-6.554819,22.03284,31.16089,31.16089,31.16089,31.16089
134,5357856,341,-13.803550981863951,0.8995047165033144,-0.018304900740659855,15.71975505357143,15.973780999999999,0.772574,25.795848,28.604695,28.604695,28.604695,28.604695
135,5397840,341,-13.888550482040797,1.057183556430615,-0.009789386016349547,16.03335025,16.6899965,3.283997,24.052263,32.016352,32.016352,32.016352,32.016352
136,5437824,341,-13.979847565675394,1.003191779057185,-0.01890173711528918,16.320757589285712,17.3649375,4.173719,25.220769,33.684796,33.684796,33.684796,33.684796
137,5477808,341,-14.055470608442258,1.0381444409871712,-0.011582355877423348,16.86845482142857,17.0042655,9.288289,22.712431,34.4058,34.4058,34.4058,34.4058
138,5517792,341,-14.138156323555188,0.9860018253326416,-0.018542286226334116,16.247030125000002,16.565175,5.06634,23.507511,32.816898,32.816898,32.816898,32.816898
139,5557776,341,-14.216326447022267,1.0139262322049873,-0.004793005475072184,18.156772517857142,17.815959,6.978812,26.228143,36.517468,36.517468,36.517468,36.517468
140,5597760,341,-14.295892417125213,1.028456211166504,-0.01647638800917402,18.676248535714283,18.683963,6.790524,29.018027,34.661042,34.661042,34.661042,34.661042
141,5637744,342,-14.35745254174257,0.9691657067109377,-0.009834279581040252,19.737922732142856,19.589993,9.596125,26.378852,37.219114,37.219114,37.219114,37.219114
142,5677728,342,-14.412627721444155,1.4078792799741795,-0.014892620557955712,21.14600019642857,21.4151715,10.854412,27.272811,40.084674,40.084674,40.084674,40.084674
143,5717712,342,-14.492369341238952,1.1128023342444346,-0.01888959532541496,22.33677805357143,22.536337500000002,12.834365,28.878242,38.327834,38.327834,38.327834,38.327834
144,5757696,342,-14.576637686215914,1.0912952756270384,-0.013864861721492325,21.988516982142862,22.534695499999998,-5.840239,33.675212,39.889125,39.889125,39.889125,39.889125
145,5797680,342,-14.659309198917487,1.062521307514264,-0.01639975312304719,23.392280196428572,23.7789455,16.437677,31.065764,40.048882,40.048882,40.048882,40.048882
146,5837664,342,-14.731107594416692,1.0521617819101383,-0.015208489271791246,23.596376589285715,24.14764,11.380236,30.438503,43.128667,43.128667,43.128667,43.128667
147,5877648,342,-14.811592229207356,1.0414004288422756,-0.014241081024430549,24.229128892857144,24.446645,14.875606,32.284463,40.445475,40.445475,40.445475,40.445475
148,5917632,342,-14.886770096803323,0.9951859964010042,-0.0089584781819259,25.456584624999998,25.579498,14.467739,33.646655,41.275313,41.275313,41.275313,41.275313
149,5957616,342,-14.956122239430746,1.2672985026469596,-0.010394651462672464,25.817779517857144,26.2168025,15.691383,33.905819,41.174611,41.174611,41.174611,41.174611
150,5997600,342,-15.037188640007606,0.9869567310198759,-0.01298584599612812,26.770711625,27.0817695,17.647307,36.482376,44.728221,44.728221,44.728221,44.728221
151,6037584,342,-15.11690847690289,1.006071882446607,-0.011843612104824458,26.954442589285716,27.358595,17.620493,35.004692,41.631846,41.631846,41.631846,41.631846
152,6077568,342,-15.192668687380277,0.9255180028768686,-0.012602645735956357,26.675679857142857,27.2715935,16.669971,35.210713,44.554779,44.554779,44.554779,44.554779
153,6117552,342,-15.26024065262232,0.9487052890734795,-0.014359629380972667,27.378613357142857,27.24125,15.444831,36.452692,45.243318,45.243318,45.243318,45.243318
154,6157536,342,-15.32698816641783,0.97288504808377,-0.014923235226580381,27.54161708928572,27.2933795,14.088391,34.908105,39.095219,39.095219,39.095219,39.095219
155,6197520,342,-15.384248777536245,1.877160323735995,-0.011106530617241962,28.655136178571432,29.071727,19.787097,35.066093,45.089708,45.089708,45.089708,45.089708
156,6237504,342,-15.458362107399182,1.4200638360702074,-0.012087303299873989,30.06899792857143,30.0580435,21.752245,35.812625,45.381356,45.381356,45.381356,45.381356
157,6277488,342,-15.51035521091559,5.313015518356592,-0.019741935183768735,30.070608107142853,30.369709999999998,21.790982,36.940557,44.238928,44.238928,44.238928,44.238928
158,6317472,342,-15.55442778024918,4.573151634289668,-0.017600759684230582,30.97288294642857,31.285885999999998,21.962855,37.729589,46.400934,46.400934,46.400934,46.400934
159,6357456,342,-15.599358690701997,6.563287136111504,-0.017192919450761297,30.357590928571426,30.517008500000003,21.224394,39.601291,46.974806,46.974806,46.974806,46.974806
160,6397440,342,-15.660419984964223,1.938913733836932,-0.010558190251602075,32.419315964285715,32.14284,20.948794,43.71612,46.14767,46.14767,46.14767,46.14767
161,6437424,342,-15.729986777672401,1.1000780864403799,-0.004392423936112139,31.71485130357143,31.653031499999997,21.195596,40.887435,50.888013,50.888013,50.888013,50.888013
162,6477408,342,-15.80768970098251,1.036957652408343,-0.010509734701414485,33.295431785714285,33.192392,23.639701,42.214038,51.629386,51.629386,51.629386,51.629386
163,6517392,342,-15.874796967628674,1.1214793801307679,-0.009324811562636079,33.15813405357143,32.7546215,25.300056,42.041908,53.30623,53.30623,53.30623,53.30623
164,6557376,342,-15.942394569592599,1.0348863198971137,-0.015792079655744973,34.266252803571426,34.5369435,22.9706,43.542751,42.14208,42.14208,42.14208,42.14208
165,6597360,342,-16.009570180452787,0.9527903801355606,-0.015626271893509115,34.70143748214286,34.753750499999995,16.793454,43.2334,52.224554,52.224554,52.224554,52.224554
166,6637344,342,-16.07874514750945,1.0045948545138041,-0.01572235197240027,35.889293,36.0005695,27.464671,44.274755,52.863687,52.863687,52.863687,52.863687
167,6677328,342,-16.13166472361638,4.336795589327812,-0.016724377499916405,29.833186035714284,36.876779,-199.493938,44.319183,51.408589,51.408589,51.408589,51.408589
168,6717312,342,-16.169845673976802,6.475826317071915,-0.01729535636330137,36.93853276785713,37.491029999999995,24.006739,44.160643,54.64725,54.64725,54.64725,54.64725
169,6757296,342,-16.204223598578036,7.539045744370192,-0.017309511974921265,36.31084189285714,36.0824005,26.15357,46.613056,56.338241,56.338241,56.338241,56.338241
170,6797280,342,-16.24158175786336,7.854847735166549,-0.014327733720953499,37.272998214285714,37.330394999999996,22.384676,51.273071,54.757552,54.757552,54.757552,54.757552
171,6837264,342,-16.276752401009585,6.385373610410935,-0.014046120836521882,38.1223905,38.217973,28.775318,48.184736,56.456504,56.456504,56.456504,56.456504
172,6877248,342,-16.320435362595777,1.5191341562148852,0.003897530710860454,36.947718928571426,36.7491955,28.48932,47.450117,55.225938,55.225938,55.225938,55.225938
173,6917232,342,-16.368126448606834,2.6015759280858894,-0.008427469850889442,37.45304591071429,37.691390999999996,23.98961,49.106648,52.385552,52.385552,52.385552,52.385552
174,6957216,342,-16.431889917911626,1.2679798467037005,-0.01565028492263175,37.937294625,38.04426,21.152221,49.864,56.474972,56.474972,56.474972,56.474972
175,6997200,342,-16.507008288456845,1.2384392362374526,-0.011757584163961627,38.440825232142856,38.387305,20.917938,49.24176,51.113187,51.113187,51.113187,51.113187
176,7037184,342,-16.56533516614865,1.199123437396991,-0.01443768441654706,41.120885214285714,41.025044,29.326541,52.479793,58.125326,58.125326,58.125326,58.125326
177,7077168,342,-16.629308680998975,1.39393213956784,-0.010820988989144098,39.86920071428572,39.971203,30.21832,48.421138,56.200261,56.200261,56.200261,56.200261
178,7117152,342,-16.688242697104428,1.3630352191435986,-0.008593979709481713,42.03195578571428,42.089325,31.745015,51.195177,52.440308,52.440308,52.440308,52.440308
179,7157136,343,-16.7404049995618,1.6260753176151177,-0.020244683773778843,42.35952905357143,43.499666000000005,29.158409,52.884924,54.975231,54.975231,54.975231,54.975231
180,7197120,343,-16.79143459124443,1.2915113397897817,-0.01382410559476389,43.032676107142855,43.7059065,25.717087,51.144847,60.3717,60.3717,60.3717,60.3717
181,7237104,343,-16.841159766759628,1.2731732687889001,-0.018928020865244505,43.349067232142865,43.652329,29.512322,53.73401,64.687276,64.687276,64.687276,64.687276
182,7277088,343,-16.896853202428574,1.2605315807538156,-0.012065477879392954,43.546479607142864,43.5222285,31.256536,54.371409,61.989766,61.989766,61.989766,61.989766
183,7317072,343,-16.95470725817558,1.3671077878047257,-0.01357089077997117,43.347672017857136,44.3368075,20.464799,53.951922,61.804641,61.804641,61.804641,61.804641
184,7357056,343,-17.01495241018442,1.3113031570345928,-0.013231592193384737,43.003328625,43.8505675,26.746178,53.568005,60.779615,60.779615,60.779615,60.779615
185,7397040,343,-17.070993535946577,1.3097465180433714,-0.02563122999893564,44.071136339285715,44.323533499999996,27.093842,54.121962,62.807444,62.807444,62.807444,62.807444
186,7437024,343,-17.131938381684133,1.224038726091385,-0.023844700038842766,43.39817805357143,43.064728,33.510387,54.261823,61.758152,61.758152,61.758152,61.758152
187,7477008,343,-17.188256346873747,1.2485822673027331,-0.022227822917100126,45.45254732142856,45.5307815,34.810283,54.295227,63.663552,63.663552,63.663552,63.663552
188,7516992,343,-17.244814838507235,1.1820664806243701,-0.01965188435953025,47.64971994642857,46.8285445,36.780548,60.229894,61.451385,61.451385,61.451385,61.451385
189,7556976,343,-17.30272847689115,1.2353357472480873,-0.017448556793832,46.59974517857143,47.363958999999994,36.580369,53.883339,66.434762,66.434762,66.434762,66.434762
190,7596960,343,-17.359115761976977,1.2338428381161812,-0.01964687885622716,47.01377203571428,46.683576,33.841676,58.109948,66.310495,66.310495,66.310495,66.310495
191,7636944,343,-17.411329137361967,1.211095702342498,-0.023872740788404675,47.426617089285706,47.4893235,33.278172,59.737013,65.808182,65.808182,65.808182,65.808182
192,7676928,343,-17.468800261081793,1.1388244839050832,-0.01996808256282328,48.54763366071429,49.0353055,38.44442,62.414364,63.126306,63.126306,63.126306,63.126306
193,7716912,343,-17.531314101585973,1.1230895253328177,-0.02122195823513511,48.79302764285713,48.248208500000004,39.121947,60.694128,69.066782,69.066782,69.066782,69.066782
194,7756896,343,-17.59230148608868,1.2564762314924827,-0.02198755494050252,49.00113021428571,49.067500499999994,34.712281,61.923245,64.890254,64.890254,64.890254,64.890254
195,7796880,343,-17.653079023116675,1.1820428378306902,-0.01695443352427668,48.68536564285715,49.0915525,35.09835,61.763691,68.538408,68.538408,68.538408,68.538408
196,7836864,343,-17.697035672114446,2.2812988265966756,-0.01627523766775341,48.29107058928571,49.711726,-6.296887,59.794168,68.101092,68.101092,68.101092,68.101092
197,7876848,343,-17.74112846178886,2.8979154070218405,-0.012612924407986635,51.05993064285714,50.5556245,34.135094,63.514093,68.691102,68.691102,68.691102,68.691102
198,7916832,343,-17.783046693068286,2.582979661379105,-0.0161543415688823,49.17743664285714,50.592127500000004,-30.055198,60.325904,68.509846,68.509846,68.509846,68.509846
199,7956816,343,-17.826318295796714,2.2234394561785917,-0.010705268520858879,50.10811932142857,50.4756065,33.451913,61.830437,68.617708,68.617708,68.617708,68.617708
200,7996800,343,-17.870127120384804,2.753180591036112,-0.019547080747407818,52.88508425,53.044394499999996,40.932624,63.341426,60.40919,60.40919,60.40919,60.40919
201,8036784,343,-17.91573356237167,1.3860591594989484,-0.019870578916668772,52.40728658928572,52.497378499999996,26.337001,63.899531,65.498346,65.498346,65.498346,65.498346
202,8076768,343,-17.95997373629839,1.326860464994724,-0.01575561274094537,52.431034749999995,52.780635000000004,42.276355,62.179107,71.769022,71.769022,71.769022,71.769022
203,8116752,343,-18.014202152154386,1.345114306303171,-0.014502665919933815,53.32520666071428,53.4408745,39.502581,63.268178,68.20768,68.20768,68.20768,68.20768
204,8156736,343,-18.058203090765538,3.545472679535548,-0.014242712755460674,53.323030749999994,53.5475585,42.363295,67.029782,66.599854,66.599854,66.599854,66.599854
205,8196720,343,-18.09766416305151,2.8772181836458355,-0.017448705102793984,53.95980091071429,55.402176,-4.231664,64.363998,66.473853,66.473853,66.473853,66.473853
206,8236704,343,-18.12585660005227,6.823667451204398,-0.01730382832247881,56.544125785714286,57.3810455,43.282664,66.831402,64.986853,64.986853,64.986853,64.986853
207,8276688,343,-18.14925740559896,8.344657468184447,-0.017309177310119432,53.78718207142857,53.810499,39.159282,67.715086,72.194795,72.194795,72.194795,72.194795
208,8316672,343,-18.16272297394581,12.352283525008422,-0.018911460089041682,53.508223660714286,54.5003885,-36.63497,65.182803,70.788857,70.788857,70.788857,70.788857
209,8356656,343,-18.17953886374449,13.564605226425025,-0.012587232935822193,55.21799694642857,55.527314000000004,43.553677,64.843277,69.93161,69.93161,69.93161,69.93161
210,8396640,343,-18.20627259963598,5.8728758229659155,-0.015422529956282606,54.1816175,56.617277,-40.348152,66.344691,74.081336,74.081336,74.081336,74.081336
211,8436624,343,-18.229274089519794,15.69636338857504,-0.015319537820174353,57.43060216071429,57.7757795,43.581043,67.332951,71.451145,71.451145,71.451145,71.451145
212,8476608,343,-18.250726088499412,9.77102735103705,-0.009921817477058935,55.72742433928571,56.482310999999996,42.359774,66.484323,73.374339,73.374339,73.374339,73.374339
213,8516592,344,-18.275432713826497,8.59949265580911,-0.011435049689125284,55.123826678571426,55.9626325,-61.557546,69.605568,73.315427,73.315427,73.315427,73.315427
214,8556576,344,-18.30910246433356,3.5841948955486984,-0.010098427357428217,55.99696614285714,57.3371415,-11.119412,67.009763,65.568565,65.568565,65.568565,65.568565
215,8596560,344,-18.347015434656388,5.1863971299085865,-0.013800849690391586,57.12312923214285,57.748342,42.28412,67.808945,78.08798,78.08798,78.08798,78.08798
216,8636544,344,-18.378179227388824,4.967720861465503,-0.013253995867480392,57.07228166071429,59.146189500000006,22.065789,68.604728,69.230853,69.230853,69.230853,69.230853
217,8676528,344,-18.420013016920823,1.5516270096485432,-0.013552268522844548,59.58158101785715,59.804128,49.755355,72.289591,74.810738,74.810738,74.810738,74.810738
218,8716512,344,-18.461407392452923,1.475106428219722,-0.013058033414283552,58.984126964285714,59.911293,43.053265,68.829388,78.886228,78.886228,78.886228,78.886228
219,8756496,344,-18.50449363023807,1.7698566783697178,-0.012457322173738178,57.65504169642857,58.184567,43.735517,72.970078,66.449234,66.449234,66.449234,66.449234
220,8796480,344,-18.550836338141025,1.7902038882940243,-0.022641335945137633,57.55848523214286,58.0880935,40.716291,67.760865,74.698573,74.698573,74.698573,74.698573
221,8836464,344,-18.596565667176858,2.0392379672099383,-0.015393358419159762,58.71457605357143,58.7114735,37.658835,68.886118,78.777254,78.777254,78.777254,78.777254
222,8876448,344,-18.637677671970465,1.7106013359167638,-0.022622054504776876,59.529182160714285,59.467616500000005,43.693222,71.513645,59.845366,59.845366,59.845366,59.845366
223,8916432,344,-18.668953602130596,4.315752975145975,-0.015314293496843535,57.233992071428574,58.9180825,3.667443,70.897496,78.089529,78.089529,78.089529,78.089529
224,8956416,345,-18.708972686376327,3.286027480547245,-0.021099315570887858,59.79307191071429,60.536681,44.620435,70.607098,79.379654,79.379654,79.379654,79.379654
225,8996400,345,-18.742978130242765,3.96346695851057,-0.012792675892035569,60.49649416071429,61.373432,9.112624,71.81388,78.99444,78.99444,78.99444,78.99444
226,9036384,345,-18.76861939552503,4.96208357046812,-0.019367121914024794,61.02029326785714,61.934587,42.283022,71.50748,79.59668,79.59668,79.59668,79.59668
227,9076368,345,-18.794935999161158,5.019015513016627,-0.01978277462379386,62.98792773214286,62.814299,49.193032,71.883509,77.927779,77.927779,77.927779,77.927779
228,9116352,345,-18.819915140592133,4.554767084885866,-0.01669083494015444,62.80543991071429,63.0770875,52.083568,72.031305,82.663247,82.663247,82.663247,82.663247
229,9156336,345,-18.843601618057644,2.5547968817062867,-0.027727629448358108,63.189486089285715,64.5563405,34.402661,76.180443,81.940731,81.940731,81.940731,81.940731
230,9196320,345,-18.882585628216084,1.8212665394330636,-0.020411050761452852,64.14190073214286,64.1989695,48.455089,74.950216,79.994281,79.994281,79.994281,79.994281
231,9236304,345,-18.925415953611715,1.7102865993976593,-0.02255792987642473,63.87815642857144,64.102,46.022295,73.798147,72.00539,72.00539,72.00539,72.00539
232,9276288,345,-18.959048085334974,2.3897232240973376,-0.013131037468395172,64.61149819642857,65.29110349999999,51.848789,77.273516,68.459744,68.459744,68.459744,68.459744
233,9316272,346,-18.992943553435495,4.051452557627972,-0.02174576203475366,65.57803692857144,65.887643,53.971741,75.003045,71.854436,71.854436,71.854436,71.854436
234,9356256,346,-19.028708272102552,3.1166094165581923,-0.02411313576415593,65.81623503571429,66.2456815,50.212657,75.021796,87.980567,87.980567,87.980567,87.980567
235,9396240,346,-19.067231804285296,1.617828139433494,-0.016464701853235453,66.15139925000001,65.360888,52.987505,77.102072,80.266028,80.266028,80.266028,80.266028
236,9436224,346,-19.112205793918708,1.5008487038123302,-0.01979068997172409,65.82172292857142,65.7067205,50.244615,75.794426,85.45647,85.45647,85.45647,85.45647
237,9476208,346,-19.15525082319211,1.4592692860426046,-0.020207235850354593,68.045434,68.9560635,52.398229,77.458752,87.102775,87.102775,87.102775,87.102775
238,9516192,346,-19.19262681618715,1.6059883975065672,-0.016408150803423876,66.30661130357143,68.090904,47.112238,76.770745,84.053755,84.053755,84.053755,84.053755
239,9556176,346,-19.22861166244898,2.2072507408949047,-0.018682210823186697,68.63710603571428,70.03621150000001,54.518497,78.503169,86.641705,86.641705,86.641705,86.641705
240,9596160,346,-19.25489131242801,4.001388787917602,-0.01856331336326921,66.77712471428572,67.30253350000001,46.649478,81.612225,54.56398,54.56398,54.56398,54.56398
241,9636144,346,-19.27332122509296,14.03948817207263,-0.01438935012362587,66.04640244642857,67.9089235,47.915725,80.869459,81.348882,81.348882,81.348882,81.348882
242,9676128,346,-19.286875715011206,13.920798501448754,-0.016923148008610066,66.11510730357143,66.1301175,50.022462,75.968252,88.99932,88.99932,88.99932,88.99932
243,9716112,347,-19.310803276453264,4.200849830798614,-0.014637001865990804,68.64957083928572,69.0670805,52.313447,80.557832,88.692919,88.692919,88.692919,88.692919
244,9756096,347,-19.346787927089593,2.353986521256276,-0.022910332963361632,67.35148775,68.187887,44.666289,80.290657,82.540173,82.540173,82.540173,82.540173
245,9796080,347,-19.381677299890764,3.9994583333149936,-0.015782602943865204,68.79078469642857,70.338865,51.09244,82.733888,74.257827,74.257827,74.257827,74.257827
246,9836064,347,-19.411394613217084,2.439512922672125,-0.014297822125305315,69.63620230357142,70.7826415,50.82333,82.486467,66.367225,66.367225,66.367225,66.367225
247,9876048,347,-19.4402741701175,3.1095338003757673,-0.020521375505016363,67.81410807142858,68.879447,2.980392,79.765389,85.716682,85.716682,85.716682,85.716682
248,9916032,347,-19.46511021638528,3.4977898941590237,-0.020739291657213096,69.96878525,71.705141,17.098308,81.828531,89.21228,89.21228,89.21228,89.21228
249,9956016,347,-19.489692741785294,2.726035316938009,-0.01338515440479685,71.01956742857143,72.608537,54.044583,83.607714,91.874778,91.874778,91.874778,91.874778
250,9996000,347,-19.521734154530062,1.9781758467356363,-0.015039293123528552,70.84554889285714,72.00201849999999,46.583633,80.691829,78.178307,78.178307,78.178307,78.178307
251,10035984,347,-19.558444297008027,2.12664219553654,-0.01651075195686411,72.47795978571428,73.264129,51.384884,82.295364,86.00928,86.00928,86.00928,86.00928
252,10075968,347,-19.589064309535882,2.7095575453379217,-0.018277067953843075,73.48220998214285,73.5936595,60.197378,82.251518,87.597323,87.597323,87.597323,87.597323
253,10115952,347,-19.61696357237987,4.38354302255007,-0.01875830282397846,74.05024466071428,73.6251675,56.691541,85.6657,76.395106,76.395106,76.395106,76.395106
254,10155936,347,-19.641707180707883,4.182473055750895,-0.017147116742321836,73.06105846428571,73.150852,57.85592,83.122614,78.084248,78.084248,78.084248,78.084248
255,10195920,348,-19.66391463157458,4.794175756512544,-0.0177793957030073,72.59666449999999,73.461613,53.980865,84.576654,87.635837,87.635837,87.635837,87.635837
256,10235904,348,-19.69468635167831,2.8024179863624084,-0.015697977857370204,72.54623383928572,73.378595,51.768326,86.780576,85.409598,85.409598,85.409598,85.409598
257,10275888,348,-19.730405411353477,2.5990249114158828,-0.016251421088352987,73.12988278571427,73.61141549999999,57.399545,86.497114,86.603449,86.603449,86.603449,86.603449
258,10315872,348,-19.76534349001371,2.5878991429622356,-0.020516640544594386,71.32679525,72.98513249999999,51.155738,84.333621,92.78005,92.78005,92.78005,92.78005
259,10355856,348,-19.799624584882686,2.6154804141093524,-0.020599919571190513,73.7024625357143,74.867197,55.637242,84.404258,95.239957,95.239957,95.239957,95.239957
260,10395840,348,-19.83462020189334,2.4424231451291303,-0.017590266932510975,73.94214860714285,74.64886200000001,53.754154,82.602126,95.521084,95.521084,95.521084,95.521084
261,10435824,348,-19.858255317883614,2.5984737508189983,-0.018629582239895498,75.54806049999999,77.04314550000001,53.668654,86.139388,89.109161,89.109161,89.109161,89.109161
262,10475808,348,-19.884011454459948,2.305463683452362,-0.019233709930057186,75.96923521428572,78.52363600000001,50.911237,88.865031,91.633017,91.633017,91.633017,91.633017
263,10515792,348,-19.915812565730167,2.505822660984137,-0.017101803042952758,75.87447564285715,77.787541,54.341155,86.187651,96.123337,96.123337,96.123337,96.123337
264,10555776,348,-19.93827154697516,2.6672503837408166,-0.015772810896653073,76.90453653571429,77.697681,53.118428,89.969078,90.077358,90.077358,90.077358,90.077358
265,10595760,348,-19.964387292128343,2.327567572471423,-0.01738603902491517,78.1545721607143,79.619438,57.994488,89.651557,92.974523,92.974523,92.974523,92.974523
266,10635744,348,-19.99675231835781,3.5585683758442217,-0.013127082284578743,77.56064726785714,79.037225,47.150826,89.292225,87.921094,87.921094,87.921094,87.921094
267,10675728,348,-20.024273847922302,2.9882749511645392,-0.020813084833170226,76.89698608928572,78.77099150000001,58.300989,87.264375,88.024163,88.024163,88.024163,88.024163
268,10715712,348,-20.04878675509722,3.644550198622239,-0.014804125792710319,77.26392582142857,79.01801900000001,55.675651,92.723859,91.148928,91.148928,91.148928,91.148928
269,10755696,349,-20.068418859824156,5.749400505041465,-0.015124177471555483,74.12559969642858,78.009323,8.385247,96.708624,82.45708,82.45708,82.45708,82.45708
270,10795680,349,-20.09077576368283,3.722810255258511,-0.011036125897729877,76.845558125,79.71941050000001,0.447905,89.798782,91.96484,91.96484,91.96484,91.96484
271,10835664,349,-20.108898446498774,3.263338737304394,-0.018807076389813843,78.69542866071428,80.76597799999999,45.619109,93.005514,101.471228,101.471228,101.471228,101.471228
272,10875648,349,-20.131166233160556,2.7380605046565716,-0.009428672846400168,79.65345012499999,81.6289245,48.616953,91.156924,92.106016,92.106016,92.106016,92.106016
273,10915632,349,-20.157543148138583,3.1057700449075454,-0.01698141275529708,81.31725482142858,81.349478,48.437938,94.722664,67.729892,67.729892,67.729892,67.729892
274,10955616,349,-20.177225337884366,2.892262196388,-0.01624015169044679,79.17538751785716,80.55970400000001,58.355371,88.766009,95.70725,95.70725,95.70725,95.70725
275,10995600,349,-20.195559252225436,3.351527795730493,-0.018823313403938814,79.57224080357143,81.650797,53.098914,94.441523,106.14071,106.14071,106.14071,106.14071
276,11035584,349,-20.219134448124812,3.3064134198885697,-0.014563191938824998,79.44131707142857,80.1421745,60.607544,91.594593,93.592915,93.592915,93.592915,93.592915
277,11075568,349,-20.235580908946503,6.811919570733339,-0.017379625341019188,78.95380894642858,79.5505,54.912368,90.337935,97.023301,97.023301,97.023301,97.023301
278,11115552,349,-20.252602865757087,5.1890235757216425,-0.017889294696303692,78.77822723214285,81.484568,52.942377,89.067078,91.356294,91.356294,91.356294,91.356294
279,11155536,349,-20.271960004170737,5.8037885357172065,-0.011899549811772513,80.05148892857143,82.6475555,57.794271,98.331264,105.457122,105.457122,105.457122,105.457122
280,11195520,349,-20.29660372611804,4.671550927101038,-0.015998324974803742,79.95914358928573,80.921934,37.342967,93.697392,96.465719,96.465719,96.465719,96.465719
281,11235504,349,-20.319233150971243,3.1085053660930733,-0.01082589290455743,80.71329139285714,81.64096699999999,51.490741,96.110368,103.145525,103.145525,103.145525,103.145525
282,11275488,349,-20.34092824397943,3.0033681833591217,-0.010928569324152284,81.78290348214286,82.184933,56.583959,97.985007,91.950913,91.950913,91.950913,91.950913
283,11315472,350,-20.375889176588792,2.6911373884249956,-0.015505232217252248,83.29842905357144,83.04631900000001,65.010015,95.949058,94.430439,94.430439,94.430439,94.430439
284,11355456,350,-20.41431013254019,2.9573963523675233,-0.015212480054432466,81.87723650000001,83.8588545,57.188431,95.216832,99.072847,99.072847,99.072847,99.072847
285,11395440,350,-20.439704572237456,4.4335043402818535,-0.015141167667304846,81.48875166071427,83.1427405,28.296512,97.358879,102.275811,102.275811,102.275811,102.275811
286,11435424,350,-20.452028191395296,7.336563977369895,-0.018195364120294516,82.73577455357143,83.233967,62.028749,99.955037,90.20022,90.20022,90.20022,90.20022
287,11475408,350,-20.468817275609727,8.34939766572072,-0.015087863278425245,85.42294567857142,86.319695,67.689742,97.463595,80.938219,80.938219,80.938219,80.938219
288,11515392,350,-20.49048097561567,5.9051228821277615,-0.014299400597109269,84.88179683928571,87.30524650000001,65.82803,99.424971,100.298012,100.298012,100.298012,100.298012
289,11555376,350,-20.517342102833283,5.663232496610054,-0.014895990037877756,85.73919267857143,85.2763995,60.851882,103.468733,102.350307,102.350307,102.350307,102.350307
290,11595360,350,-20.544781322968312,3.035877653574332,-0.007208988538947709,87.68498055357142,88.556158,63.925684,101.499574,101.776306,101.776306,101.776306,101.776306
291,11635344,350,-20.562179115491034,4.371711830298106,-0.01398972266818955,85.72255267857143,90.0219755,2.039595,102.532975,100.856588,100.856588,100.856588,100.856588
292,11675328,350,-20.58419988094232,3.2083947212650226,-0.007568615639712124,87.66685503571429,89.51457400000001,66.486928,100.922178,104.392003,104.392003,104.392003,104.392003
293,11715312,350,-20.612584774310772,3.0493931542604398,-0.005398155999043807,86.87193646428571,87.74873199999999,58.060245,102.053024,103.428553,103.428553,103.428553,103.428553
294,11755296,350,-20.637364094073956,3.5746448415976304,-0.016270940188536396,84.957262625,88.2010095,50.943736,98.146517,90.893486,90.893486,90.893486,90.893486
295,11795280,350,-20.662915508563703,2.7030685666279917,-0.010816205938070384,85.70242291071429,87.2832895,56.830445,100.565323,105.636307,105.636307,105.636307,105.636307
296,11835264,350,-20.68130472134321,3.2552223430230067,-0.0083533922606409,87.800887,89.72156749999999,50.010448,101.142653,108.320281,108.320281,108.320281,108.320281
297,11875248,350,-20.70104864560641,3.023949359319149,-0.01624210691707282,88.27196660714286,89.7747395,61.192912,101.754621,98.952419,98.952419,98.952419,98.952419
298,11915232,350,-20.72495949084942,3.5561806556506035,-0.013524169916341542,88.19059785714285,89.79986099999999,56.477708,104.802688,114.213227,114.213227,114.213227,114.213227
299,11955216,350,-20.74691450167925,4.017332847760274,-0.013886661630236538,89.3534779642857,90.704313,64.57889,105.144197,105.917262,105.917262,105.917262,105.917262
300,11995200,349,-20.769102008526144,3.290395868741549,-0.015439853497250274,90.00389473214285,91.38307449999999,61.887148,104.046039,104.304973,104.304973,104.304973,104.304973
301,12035184,347,-20.795196885329027,2.6430489260416765,-0.012653392347214649,91.19598367857144,93.7284455,74.557626,106.422308,101.060922,101.060922,101.060922,101.060922
302,12075168,346,-20.825295091286684,2.577495105755635,-0.006341171570723721,89.91404424999999,91.579539,61.337534,103.737248,79.191483,79.191483,79.191483,79.191483
303,12115152,345,-20.85848964299911,2.8046766206240044,-0.014721904884362839,91.53240998214287,93.313929,66.413021,103.705024,104.753223,104.753223,104.753223,104.753223
304,12155136,344,-20.887178734021308,2.9801120806963017,-0.011313093974455022,91.795891625,92.691249,62.135686,105.122239,86.349602,86.349602,86.349602,86.349602
305,12195120,343,-20.905016869765063,6.644719290427672,-0.015283030077403172,77.78917783928571,93.539045,-568.042337,109.094326,111.444589,111.444589,111.444589,111.444589
306,12235104,342,-20.917439206441244,5.69545427606656,-0.011245439728092886,90.80505753571427,94.3978115,-30.498563,106.195973,114.796258,114.796258,114.796258,114.796258
307,12275088,341,-20.930012477972568,6.399492163688708,-0.015484550997905152,92.37091039285714,94.0080125,58.032065,105.83227,109.574333,109.574333,109.574333,109.574333
308,12315072,340,-20.940435976859852,25.888663588273218,-0.009091527024485494,82.88922407142857,94.4738265,-375.192994,108.435848,115.29966,115.29966,115.29966,115.29966
309,12355056,339,-20.945535571758565,25.875649588535993,-0.013952037586829811,92.24233135714287,93.7489515,62.358207,110.775231,116.179434,116.179434,116.179434,116.179434
310,12395040,339,-20.961640137892502,5.973884460406426,-0.016259583083088867,95.11283314285716,97.5828075,65.721536,108.867495,107.344688,107.344688,107.344688,107.344688
311,12435024,339,-20.97800718943278,8.973437435963215,-0.013717719584112787,94.330601125,96.85384300000001,58.542957,107.505822,96.836994,96.836994,96.836994,96.836994
312,12475008,339,-21.002608979053985,5.347329965004554,-0.006717616928896556,95.17883648214286,96.5577315,70.105485,108.105419,118.480967,118.480967,118.480967,118.480967
313,12514992,339,-21.024569252209787,11.340511573125154,-0.012405419851795439,91.93929191071427,95.464098,33.828246,107.122565,109.46377,109.46377,109.46377,109.46377
314,12554976,339,-21.043093881851586,4.314777996601203,-0.0011369389063941363,92.59233216071428,94.5645845,70.826534,107.46703,108.990945,108.990945,108.990945,108.990945
315,12594960,339,-21.064363176394732,4.582438383958278,-0.013853625731859118,95.38125564285714,97.606336,64.303161,110.30937,80.173315,80.173315,80.173315,80.173315
316,12634944,339,-21.080239780132587,4.23367216762824,-0.004890038261225691,92.46485305357143,95.9445125,46.071111,109.07188,108.793303,108.793303,108.793303,108.793303
317,12674928,339,-21.100795926803197,3.940571052141679,-0.011006898146036129,95.11848692857143,98.82691349999999,69.163839,107.915916,117.190082,117.190082,117.190082,117.190082
318,12714912,339,-21.118504661168807,4.223153205712636,-0.005843860365059346,94.53890089285714,97.26941500000001,25.471626,108.359957,114.123007,114.123007,114.123007,114.123007
319,12754896,340,-21.13441785176595,4.088217674157558,-0.012468849180060295,95.82383833928573,97.706794,65.205769,111.778896,79.814626,79.814626,79.814626,79.814626
320,12794880,340,-21.15432763711,4.131986273557712,-0.010602833589375502,96.39864362499999,98.91728549999999,77.0333,105.580003,112.242148,112.242148,112.242148,112.242148
321,12834864,340,-21.171072681133563,4.635118759748263,-0.014725776273758711,95.78850748214288,98.82265000000001,63.956428,114.725538,114.317877,114.317877,114.317877,114.317877
322,12874848,340,-21.190053093739046,4.031433402880644,-0.015718074723927434,96.86552951785714,99.107133,69.279668,114.37452,118.489667,118.489667,118.489667,118.489667
323,12914832,340,-21.206381924947102,4.329476837317149,-0.008765774965286254,95.50306721428571,100.98353900000001,59.044405,112.059679,122.987052,122.987052,122.987052,122.987052
324,12954816,340,-21.223462417798164,4.372685000835321,-0.01113802671219067,94.01532771428572,95.58385,66.695208,110.340784,115.244799,115.244799,115.244799,115.244799
325,12994800,340,-21.239107479193272,7.329518021987035,-0.014337707587550633,93.3302582142857,98.178649,3.9287,110.851899,118.896253,118.896253,118.896253,118.896253
326,13034784,340,-21.251779942634776,4.913600563850158,-0.010611359576423405,97.40007285714286,100.135088,63.882166,112.748649,106.53175,106.53175,106.53175,106.53175
327,13074768,340,-21.259820850078878,12.638229437974783,-0.011971568238760274,94.11681439285712,98.951211,58.75493,112.555384,114.011526,114.011526,114.011526,114.011526
328,13114752,340,-21.268229606824043,16.536742899968075,-0.01661331701131227,102.08090646428572,104.17333149999999,74.485731,116.330126,109.786143,109.786143,109.786143,109.786143
329,13154736,340,-21.279372787475587,20.901608548714563,-0.017839214677223936,98.983443,102.55442550000001,53.429831,114.746376,116.222074,116.222074,116.222074,116.222074
330,13194720,341,-21.293980901669233,5.944950803120931,-0.006577841429978621,97.15244519642856,100.6195205,-6.808174,114.996687,111.873375,111.873375,111.873375,111.873375
331,13234704,341,-21.312133055466873,4.400043216729776,-0.011860163902691475,99.48650505357143,101.88067799999999,75.161802,112.683471,119.628716,119.628716,119.628716,119.628716
332,13274688,341,-21.327572895930363,6.141445570114332,-0.010377573517512362,99.28514325,101.062106,76.713317,114.524385,119.570058,119.570058,119.570058,119.570058
333,13314672,341,-21.34065258808625,6.604388656677344,-0.012734554969416095,100.36024944642857,102.5666365,40.65598,117.295908,109.344892,109.344892,109.344892,109.344892
334,13354656,341,-21.360091233864807,4.249430080560537,-0.005944827392416603,102.41006432142856,103.6495065,65.491969,115.572044,117.393306,117.393306,117.393306,117.393306
335,13394640,341,-21.371283198625612,9.229849071227587,-0.013817118478712077,98.30637989285712,101.9320795,65.611642,112.941869,121.724033,121.724033,121.724033,121.724033
336,13434624,341,-21.386839470496543,6.553579774269691,-0.00896093311371843,96.71100880357143,99.96362400000001,31.378431,114.292339,89.219837,89.219837,89.219837,89.219837
337,13474608,341,-21.40138765481802,6.235902725886076,-0.011104155735833607,101.43301569642855,103.71008499999999,81.385415,113.784314,117.218775,117.218775,117.218775,117.218775
338,13514592,341,-21.414793141682942,5.8028688844962,-0.01076650280775562,98.9248639107143,102.1326635,60.351473,115.552839,118.843942,118.843942,118.843942,118.843942
339,13554576,341,-21.430920718266414,4.300046630394765,-0.005291518075402844,99.53250230357142,103.018238,65.50359,116.194152,113.735002,113.735002,113.735002,113.735002
340,13594560,341,-21.44490967285939,4.450011785977926,-0.015943468328623568,95.18716442857144,98.1026135,63.962547,118.922265,119.606339,119.606339,119.606339,119.606339
341,13634544,341,-21.457858696962013,4.058796748136863,-0.0033010538251778015,99.92413310714286,102.569379,52.917149,117.985396,103.275995,103.275995,103.275995,103.275995
342,13674528,342,-21.469635850955278,4.26315705867914,-0.011785765456816312,95.74868307142856,100.39857,62.872524,118.667964,122.17763,122.17763,122.17763,122.17763
343,13714512,342,-21.482581564096304,4.819067954482176,-0.00933560358725327,100.80897780357142,103.284222,64.561542,115.128442,116.537531,116.537531,116.537531,116.537531
344,13754496,342,-21.494243377294296,6.442608645634773,-0.013510325681851006,98.19749326785714,101.205432,69.425835,114.685506,124.31024,124.31024,124.31024,124.31024
345,13794480,342,-21.509888081672862,4.936400628701234,-0.007671801780687323,100.52612051785715,103.87551450000001,37.06661,119.642711,118.62411,118.62411,118.62411,118.62411
346,13834464,342,-21.52231859549498,6.148712304616586,-0.009019307102342002,99.80727878571429,103.4745645,22.11144,115.580922,123.18606,123.18606,123.18606,123.18606
347,13874448,342,-21.532911330003003,7.856436369969295,-0.007597242604308518,96.31059489285714,103.504756,12.95301,115.753611,109.559464,109.559464,109.559464,109.559464
348,13914432,342,-21.54688676687387,5.931607784903966,-0.00874389002057843,97.2556835,102.14055300000001,48.952193,114.842898,96.37159,96.37159,96.37159,96.37159
349,13954416,342,-21.564061502309947,5.495984382048631,0.000986756371686426,99.14715178571429,102.38400949999999,56.04417,121.725205,121.385649,121.385649,121.385649,121.385649
350,13994400,342,-21.583894230769232,4.124054222076367,-0.004850068659699247,102.48110119642855,105.472422,66.978389,119.961595,122.463528,122.463528,122.463528,122.463528
351,14034384,342,-21.60778956780067,3.8183007014103425,-0.006317652931671219,104.273236375,106.408653,76.769999,118.326651,120.938614,120.938614,120.938614,120.938614
352,14074368,342,-21.62603556804168,3.648304739365211,-0.007856934825460299,105.063312875,106.01756499999999,81.359838,115.362722,121.997788,121.997788,121.997788,121.997788
353,14114352,342,-21.644230632292917,3.7391624108338966,-0.010592331151173522,103.36195537500001,104.5713955,83.560066,114.124109,128.324494,128.324494,128.324494,128.324494
354,14154336,343,-21.658625416877943,4.6688058917339035,-0.01189198986092915,104.98537432142858,109.88415499999999,63.305585,118.911359,111.983448,111.983448,111.983448,111.983448
355,14194320,343,-21.66804343492557,4.176412822955694,-0.01070650934037612,103.43312789285713,104.759354,71.774431,121.675491,121.035935,121.035935,121.035935,121.035935
356,14234304,343,-21.68193861643473,4.758630513227903,-0.011472821664080047,101.98277530357143,104.5817845,71.677842,119.402087,88.855642,88.855642,88.855642,88.855642
357,14274288,343,-21.697193576128054,5.909631615571486,-0.0081779087345601,98.99065383928571,103.4088265,43.80784,120.514179,121.510026,121.510026,121.510026,121.510026
358,14314272,343,-21.708237706697904,6.187865890600743,-0.008437292064347556,101.83202374999999,105.9143905,63.58592,114.550348,121.958993,121.958993,121.958993,121.958993
359,14354256,343,-21.72077549665402,6.241600111203316,-0.01228496053861305,103.06834175000002,105.13291849999999,74.471475,119.482413,125.547323,125.547323,125.547323,125.547323
360,14394240,343,-21.728628104772323,6.184771983592938,-0.011039435074426599,106.35310771428571,107.82207,75.071022,121.614955,116.837982,116.837982,116.837982,116.837982
361,14434224,343,-21.741990187229256,5.166246975079561,-0.008357980968717945,105.49108774999999,106.1850435,78.675447,121.118719,118.91031,118.91031,118.91031,118.91031
362,14474208,343,-21.75862155816494,4.911934653917949,-0.0013133612214658523,106.08956758928572,108.6262935,85.590815,118.683339,124.496777,124.496777,124.496777,124.496777
363,14514192,343,-21.77391056158604,3.93890834466005,-0.010808495043191868,108.17997305357143,109.825823,79.47301,124.743751,92.071714,92.071714,92.071714,92.071714
364,14554176,343,-21.78808639232929,5.1436533310474495,-0.012543001698680037,104.8352204107143,105.59063499999999,70.570165,118.087329,117.428699,117.428699,117.428699,117.428699
365,14594160,343,-21.80197166540684,4.514492466663703,-0.005969897361949104,105.09171028571429,107.6695505,66.119533,122.999322,97.493253,97.493253,97.493253,97.493253
366,14634144,343,-21.81595971523187,6.450191169518691,-0.013233637126298466,107.38032678571429,109.2159795,41.570637,123.534216,125.886456,125.886456,125.886456,125.886456
367,14674128,343,-21.828530717507387,4.863060707312364,-0.011743065956230007,107.08070480357142,108.21274199999999,67.731204,125.343388,108.383698,108.383698,108.383698,108.383698
368,14714112,344,-21.842794746007673,5.4179351829565485,-0.00991560394804065,102.72417176785714,105.84248199999999,55.429399,120.363082,93.331092,93.331092,93.331092,93.331092
369,14754096,344,-21.85876797896165,4.969653433561325,-0.004398133152967486,104.90027021428571,109.4678475,64.68341,122.31719,123.241892,123.241892,123.241892,123.241892
370,14794080,344,-21.874195524362417,5.435403314003578,-0.005386656762960065,107.20473278571428,111.232433,60.187251,122.712918,113.527497,113.527497,113.527497,113.527497
371,14834064,344,-21.891174937517214,4.57467958132426,-0.0038904083932254415,106.05868469642857,108.549583,74.100225,124.053946,111.959807,111.959807,111.959807,111.959807
372,14874048,344,-21.903993802192883,7.32118513966218,-0.012798418586876673,107.67270900000001,110.09012849999999,63.191905,125.805615,120.283301,120.283301,120.283301,120.283301
373,14914032,344,-21.91430277702136,5.914971910378871,-0.00203063765537734,106.86047466071429,110.293645,64.413251,124.156593,130.121722,130.121722,130.121722,130.121722
374,14954016,344,-21.928599210885857,5.635304282720273,-0.01157325735559705,109.30178378571428,110.0745975,91.112835,122.03713,121.153512,121.153512,121.153512,121.153512
375,14994000,344,-21.944054202544383,5.753320319835956,-0.006318525158115871,105.54281832142856,108.81384750000001,57.709123,121.332178,120.889747,120.889747,120.889747,120.889747
376,15033984,344,-21.95627989157652,5.7959202323204435,-0.004261542917419529,103.79210389285716,105.8692305,69.96512,123.524769,126.618184,126.618184,126.618184,126.618184
377,15073968,344,-21.96462479126759,4.561248010244125,-0.005656244705814737,107.25072030357144,109.8302955,70.354372,121.826307,126.043841,126.043841,126.043841,126.043841
378,15113952,344,-21.977728858360877,3.4952609814130344,0.003709950274694562,109.312682,112.7748005,74.62316,125.118148,125.014248,125.014248,125.014248,125.014248
379,15153936,344,-21.99329303839268,3.1336780924063463,-0.007262717092567656,110.34231603571428,112.52995250000001,81.235281,123.430604,118.4099,118.4099,118.4099,118.4099
380,15193920,344,-22.01146558125814,3.27640517888925,-0.0117445079309222,110.58269326785714,111.633803,56.359026,125.60438,126.606203,126.606203,126.606203,126.606203
381,15233904,344,-22.034607442220054,3.8749813290742727,-0.007932886206505757,110.36909757142858,113.4257865,75.118867,124.941242,85.240557,85.240557,85.240557,85.240557
382,15273888,344,-22.056882584400665,3.3723869690528283,-0.0054969915337539695,110.53115319642858,113.0117805,75.617548,123.777034,129.763762,129.763762,129.763762,129.763762
383,15313872,344,-22.073754584483613,4.38133594195048,-0.01144724968120826,107.5678354107143,111.8277315,65.812353,126.025927,128.921236,128.921236,128.921236,128.921236
384,15353856,345,-22.09181324396378,4.313243844570258,-0.009103405180026013,108.67971442857142,110.993015,75.917821,125.409794,105.857368,105.857368,105.857368,105.857368
385,15393840,345,-22.11057095649915,4.402645715230551,-0.006416429944567007,109.318868125,112.7201955,60.829821,125.495108,124.916536,124.916536,124.916536,124.916536
386,15433824,345,-22.12546869424673,5.7905333894949695,-0.00699799958588534,104.22658166071427,111.190242,8.812203,122.804623,125.425705,125.425705,125.425705,125.425705
387,15473808,345,-22.138440802158453,6.891430150239896,-0.014140658812949625,104.34872614285713,109.803455,56.61455,124.634171,125.514968,125.514968,125.514968,125.514968
388,15513792,345,-22.153430777329664,5.755668813448686,-0.0067927195118196925,107.03829992857143,110.48791,67.421834,128.77447,132.396348,132.396348,132.396348,132.396348
389,15553776,345,-22.165199636801695,11.097578631761747,-0.017222696382183735,110.19681966071428,112.22247250000001,89.105259,122.39182,117.235119,117.235119,117.235119,117.235119
390,15593760,345,-22.17771921402369,8.106785349356823,-0.016887975199381636,26.013562910714306,109.276643,-4487.772279,126.468955,127.676789,127.676789,127.676789,127.676789
391,15633744,345,-22.18787880921975,5.807303884166938,0.0032639337433069252,105.74529848214286,109.257344,73.083669,123.592083,124.977459,124.977459,124.977459,124.977459
392,15673728,345,-22.19238654405643,5.32566531254695,-0.004977586037831572,108.1066015892857,110.8715055,72.497251,123.187062,88.668945,88.668945,88.668945,88.668945
393,15713712,345,-22.20375587756817,10.342642368414463,-0.007468613116165776,108.74663080357142,113.9019565,79.895911,124.810274,92.76935,92.76935,92.76935,92.76935
394,15753696,345,-22.211113005418042,5.427250559207721,-0.006448716523113828,104.68715398214286,106.475207,77.092023,120.143052,124.774658,124.774658,124.774658,124.774658
395,15793680,345,-22.220764028109038,7.429699111596132,-0.008265840148371166,103.05457526785715,110.09325849999999,-36.411031,124.064851,90.985416,90.985416,90.985416,90.985416
396,15833664,345,-22.2380426357954,8.309447170373721,-0.002589835862743665,108.05591639285716,109.9588105,83.731452,123.446014,123.257574,123.257574,123.257574,123.257574
397,15873648,345,-22.254674060528096,5.235799790040041,0.006260059478704651,108.22980157142855,112.7480695,71.108898,124.532581,134.342528,134.342528,134.342528,134.342528
398,15913632,345,-22.269270833333334,5.257624989900833,-0.005700897599224566,106.16798016071428,109.540875,69.343607,123.213645,84.197171,84.197171,84.197171,84.197171
399,15953616,346,-22.27903488843869,8.801758438195938,-0.008016613320230065,111.0613065892857,112.756924,79.237996,127.533516,96.652189,96.652189,96.652189,96.652189
400,15993600,346,-22.289525848779924,6.692798095635879,-0.0064730952146466085,107.816771875,110.3807185,69.255434,124.507201,106.611167,106.611167,106.611167,106.611167
401,16033584,346,-22.303485762767302,9.448366329914485,-0.01233357342642147,109.84167614285714,111.652243,81.203157,127.180398,107.620887,107.620887,107.620887,107.620887
402,16073568,346,-22.31456258724897,6.6398518226085566,-0.008135249086309415,107.64419875000002,112.43563850000001,53.8305,125.910425,114.504819,114.504819,114.504819,114.504819
403,16113552,346,-22.326381120926296,6.150876760788453,-0.0013358680190345368,112.09937808928571,115.8302175,72.766459,127.333053,110.376616,110.376616,110.376616,110.376616
404,16153536,346,-22.335250194256123,11.560561758126967,-0.0063119582960121665,109.79074683928572,113.106888,75.210747,125.273521,130.595774,130.595774,130.595774,130.595774
405,16193520,346,-22.341843634385327,8.210317574403225,0.002928139677458556,104.23274867857143,112.8839285,55.264088,125.063047,120.617125,120.617125,120.617125,120.617125
406,16233504,346,-22.34118774609688,12.224114118783902,-0.006260736873045038,105.8711432142857,113.582975,48.235154,129.57677,130.262507,130.262507,130.262507,130.262507
407,16273488,346,-22.34149304414407,9.607808984854282,-0.012625462396550947,106.08464716071428,113.42148399999999,54.663353,124.702948,110.036107,110.036107,110.036107,110.036107
408,16313472,346,-22.34783350137564,9.99257580653215,-0.0005236409838960007,114.07817691071429,118.296161,79.87388,129.147534,128.460999,128.460999,128.460999,128.460999
409,16353456,346,-22.358327078207946,7.528317662997123,0.004985443962990151,113.40761717857143,115.73105749999999,80.159177,127.384976,128.221014,128.221014,128.221014,128.221014
410,16393440,346,-22.366692503904684,8.038589932674016,-0.005669928790713386,114.63376103571429,116.553376,82.394714,129.855904,128.257063,128.257063,128.257063,128.257063
411,16433424,346,-22.380531032268816,5.799712282572037,0.003700379381692843,111.31577469642856,113.7636045,80.707332,131.46331,120.358124,120.358124,120.358124,120.358124
412,16473408,346,-22.391282311463968,5.129830044813645,-0.002966477136755995,112.9303614107143,116.042501,64.825327,126.760144,85.344198,85.344198,85.344198,85.344198
413,16513392,346,-22.40104698768029,5.6400776115747595,-0.0004891839675576939,112.11480033928572,116.1561665,77.206637,126.750977,135.519665,135.519665,135.519665,135.519665
414,16553376,346,-22.414889232928935,6.25774722649501,-0.009112891015105654,112.13767001785713,116.99912850000001,70.476872,127.298864,128.137045,128.137045,128.137045,128.137045
415,16593360,346,-22.424323218908064,5.71051129041574,0.0015239259933691638,111.79112425000001,115.42945399999999,63.437891,131.906145,128.658016,128.435649,128.435649,129.325117
416,16633344,347,-22.432936120644595,6.2062764672132635,-0.006020821614406603,108.01875432142856,113.19188,51.233814,123.103794,86.36813225,86.53205650000001,83.039292,89.369124
417,16673328,347,-22.44498072404128,6.479019746413598,-0.000209181600336869,110.84370767857142,115.71272450000001,76.821989,128.505922,130.73498825,130.758694,130.118886,131.303679
418,16713312,347,-22.45366167410826,7.016972474257151,-0.005150851702768332,107.6536829107143,109.4325055,66.981669,127.810297,123.62867575,123.552481,121.48458,125.925161
419,16753296,347,-22.462668017852,6.933522981863756,-0.006442630844405637,108.23459430357146,113.68110250000001,64.633547,126.903662,114.52262200000001,113.680269,103.261652,127.468298
420,16793280,347,-22.473546033027844,6.296841591749436,0.004560255740323508,111.15196114285716,116.7463275,57.345939,127.319523,126.26214949999999,126.07893049999998,123.435707,129.45503
421,16833264,347,-22.482396096449634,7.379072052698869,-0.0021471853979164734,108.60025376785714,114.50603799999999,62.511305,131.572614,129.13377300000002,129.220709,126.730473,131.363201
422,16873248,347,-22.485551374386517,7.462726534024263,-0.01456307758134454,109.2250955,111.095295,76.26045,124.284496,112.785737,112.5003605,96.695159,129.447068
423,16913232,347,-22.490806716527693,10.299523968574329,-0.011710329400673986,95.42341417857142,114.124634,-662.372102,125.905862,97.44914525000002,95.7401595,77.897598,120.418664
424,16953216,347,-22.500198819087103,4.9041288681519335,-0.0013582724899513265,111.79408041071429,116.068748,72.336355,126.123687,129.44010375,130.066009,124.948579,132.679818
425,16993200,347,-22.51026520851331,7.593481002098475,-0.010311717006828612,109.60366953571429,113.5604715,54.999679,127.814895,122.13283025000001,121.918672,120.036464,124.657513
426,17033184,347,-22.52638700925387,5.468438801092979,0.0012137685952975283,107.25026949999999,111.81622,77.817951,126.710958,123.17132950000001,123.044624,121.254989,125.341081
427,17073168,347,-22.53824054522392,11.261206706670615,-0.012354764382810876,110.39713680357144,115.851126,84.038382,124.715826,131.72106525,132.743945,126.969992,134.426379
428,17113152,347,-22.54635853889661,10.143001786714946,0.0014687333680437102,109.19721139285716,113.3491575,74.638837,126.893361,103.294897,95.003308,90.712113,132.460859
429,17153136,347,-22.549185567024427,5.492842140564552,0.010123384625088269,108.06731841071428,111.21122550000001,72.363934,128.124849,128.67089900000002,129.7850075,125.321111,129.79247
430,17193120,347,-22.557070917960925,8.685619847896772,-0.0063616991395508355,109.721993875,114.20104649999999,73.751114,125.447717,127.4878945,127.781319,124.103453,130.285487
431,17233104,347,-22.57027240655361,9.776253548035255,-0.008943416735266323,111.62913205357142,115.6392565,69.882546,128.922542,123.94958025,122.834385,122.470051,127.6595
432,17273088,347,-22.573858921344463,8.008285031868862,0.00535982557948722,106.76283850000002,114.342532,69.93572,129.156865,122.9992255,126.533634,109.71097,129.218664
433,17313072,347,-22.576559497148562,7.962619169553121,-0.0036647081654873313,107.06950792857141,113.793408,52.401403,128.67995,111.43167275,105.24478300000001,101.33572,133.901405
434,17353056,347,-22.579230861174754,11.577807009831453,-0.012277525148709128,106.07917930357144,112.1280225,72.512692,127.953728,119.4680395,116.51867100000001,113.189463,131.645353
435,17393040,347,-22.57813625824757,6.030238226132515,0.010292873989424267,114.0535952142857,117.0046905,81.363481,130.807762,117.67545725000001,118.442059,101.597286,132.220425
436,17433024,347,-22.57999510153746,5.001420658979661,0.0009772664417351524,113.03398408928571,118.046595,71.15169,131.07942,130.01564375,130.0581075,128.48487,131.46149
437,17473008,347,-22.593119547917293,5.484486570304785,0.004747207078635723,114.98274658928571,118.3843005,77.65926,126.07636,131.456661,131.43616600000001,130.04801,132.906302
438,17512992,347,-22.612920179122533,7.359086968042912,-0.004509909907751418,112.43498933928572,116.370676,83.850567,131.376862,93.803348,94.7927185,89.675327,95.952628
439,17552976,348,-22.628269381400866,6.174578056885646,0.003168911577048652,114.12847755357143,118.088537,75.762046,133.817349,118.50762599999999,123.2948515,98.640142,128.800659
440,17592960,348,-22.638261799934583,5.768208832007188,0.005951772575477103,112.41109930357142,113.694245,83.0979,132.056474,125.83533975,125.4952225,123.854918,128.495996
441,17632944,348,-22.6507910655095,6.44368372528981,-0.0023592600341007944,111.53936608928572,115.88021599999999,70.809018,129.054888,116.191947,126.732955,83.790878,127.511
442,17672928,348,-22.666055586399175,6.185729465117821,-0.003424545865355191,110.68311125000001,113.7253635,74.785473,133.091301,133.1148235,134.052347,130.166791,134.187809
443,17712912,348,-22.678845346890963,6.570875456088628,-0.006174291405943969,112.8243785,117.6938465,78.308303,128.403334,90.62495475,79.117583,77.106608,127.158045
444,17752896,348,-22.689663691398426,6.7693353970845545,-0.01158354769097339,114.3115257857143,118.8101115,73.863098,133.386956,133.85436124999998,133.7044885,133.69677,134.311698
445,17792880,348,-22.70295838576097,5.462842621864417,0.0054019702804045016,114.26009453571429,116.411678,74.597528,129.660184,123.68746,122.9332575,115.100562,133.782763
446,17832864,348,-22.71739064241067,5.384339802234601,-0.0057082955234270625,110.45069239285714,117.54728,62.10525,130.94411,131.26981475,132.22977600000002,121.291432,139.328275
447,17872848,348,-22.73333365611541,6.603540226740715,-0.012035599882969669,115.20588567857143,118.42078649999999,83.398593,129.380378,127.124185,126.88182800000001,125.937967,128.795117
448,17912832,348,-22.741173974061624,6.688327700052506,-0.009428257486806849,113.28274789285715,116.1807745,81.010445,130.757633,129.07353875,128.8462485,126.328435,132.273223
449,17952816,348,-22.746552237486227,7.233585161429185,-0.0042680687161102985,114.10159485714287,119.246657,64.421556,132.083666,128.1192455,134.16249249999998,108.404109,135.747888
450,17992800,348,-22.75777373191638,8.47838807992446,-0.007668609924402494,114.19667069642857,117.6361895,69.755192,127.449905,122.68050099999999,130.61996299999998,96.57982,132.902258
451,18032784,348,-22.768611731896033,7.117457481836661,0.0007246010440352481,110.91075973214286,118.137318,64.905815,132.467852,136.0729905,135.745003,133.29164,139.510316
452,18072768,348,-22.778361139542017,7.160528152722579,-0.0017696476802461219,112.20221298214285,117.61537200000001,73.743695,130.010413,124.18296725000002,127.9711475,112.208873,128.580701
453,18112752,348,-22.78653400616768,6.718295263327085,-0.0025670464790145606,110.34607141071429,115.2912985,82.017196,128.340631,131.589831,131.5614005,130.479512,132.757011
454,18152736,348,-22.794826419536886,6.706542225373097,-0.005477431281635804,110.85884228571429,116.686399,82.275734,131.584192,135.02212400000002,134.981728,128.902817,141.222223
455,18192720,348,-22.806211554698454,6.808950451704172,-0.003279009477111499,109.01472426785713,114.1486745,74.389392,131.852512,122.44587975,127.639433,105.715761,128.788892
456,18232704,348,-22.819876846900353,6.382763252044335,0.003369212955443893,114.32689435714285,119.7658005,83.415613,134.831153,128.4003515,128.49102299999998,124.55692,132.06244
457,18272688,348,-22.829933342566857,6.192230665378082,-0.0014025043051962992,112.48214260714285,115.1491605,83.349629,129.967522,132.70512175,132.28207700000002,129.904316,136.352017
458,18312672,348,-22.842053530766414,5.1754955971852326,0.0013310068273149694,114.47810423214285,118.234589,77.148442,128.135797,127.720407,125.8032265,124.418833,134.856342
459,18352656,348,-22.854884768755007,7.0107335118147045,0.002034017737960079,113.74446541071428,121.4824875,-35.054348,133.121458,135.52016575,136.975628,128.87975,139.249657
460,18392640,348,-22.863333623837203,6.759823675033374,-0.0030365871691640516,115.5149025357143,120.062427,77.857131,137.461399,124.96831625000002,124.8606725,121.098934,129.052986
461,18432624,348,-22.871329405368904,5.630520953123386,-0.004624168980076203,114.35210507142857,117.694391,84.547217,134.383582,135.06569425000004,137.4279775,126.698994,138.707828
462,18472608,348,-22.882205591446315,5.340171653796465,-0.005097583779775633,116.84302092857145,119.5913025,79.176929,131.863243,105.910336,97.7618895,97.54447,130.573095
463,18512592,348,-22.89665318024464,5.23204095745698,-0.0022007441209074712,115.62366508928572,120.91983250000001,76.49737,134.068049,126.55926575,127.1573965,123.483408,128.438862
464,18552576,348,-22.909558491829113,5.346453932004097,0.0016248364092322075,115.32341323214284,120.68976699999999,73.595321,135.135048,117.89209249999999,128.24882,82.467783,132.602947
465,18592560,348,-22.925031070220165,4.340571893331332,0.0017599740057425478,118.93892625,122.202902,83.924738,133.240465,117.73044250000001,114.7318865,113.766129,127.691868
466,18632544,348,-22.938596842839168,4.255734803584906,-0.003245929075637832,119.21930823214284,121.285029,91.942441,132.235835,128.92212675000002,132.00918000000001,118.74288,132.927267
467,18672528,349,-22.950173803476186,4.7416339655717215,-0.010245332839333106,114.01881569642856,119.0972295,74.04693,134.491848,138.689434,138.33240849999999,137.09687,140.996049
468,18712512,349,-22.96787002270038,5.057992118749863,0.006100680843855326,116.9960578035714,121.1712295,76.965112,128.118249,130.85953875,130.846015,126.889671,134.856454
469,18752496,349,-22.97895275018154,5.414485876988142,-0.005847836285948478,117.08199042857144,121.77605,74.73402,131.349029,136.56323425,136.809257,133.554967,139.079456
470,18792480,349,-22.98727757380559,6.242460184219556,-0.006458167629553384,114.86506598214285,118.8902265,65.673534,135.87392,137.06310975,136.944393,136.649717,137.713936
471,18832464,349,-22.995737237196703,6.411961890642459,-0.00038814320393076065,114.39435007142858,117.11277050000001,73.383174,130.039997,101.14518525,91.591658,89.289464,132.107961
472,18872448,349,-23.00238382388384,7.105953824214446,-0.010652277866253057,114.17069446428572,117.852091,63.015605,135.087302,134.130959,137.8597395,121.689816,139.114541
473,18912432,349,-23.008742635678022,5.29437650289291,-0.003460066305127932,115.83720255357143,118.347875,70.230418,136.788226,137.6696035,140.743521,128.235026,140.956346
474,18952416,349,-23.020552527598845,6.14241112164962,-0.004896802579885564,114.95285655357144,119.96633600000001,66.361786,135.370917,111.42633175,105.827261,105.825331,128.225474
475,18992400,349,-23.033365244743152,4.905901675805067,0.006002185705046241,114.65052758928572,120.11470800000001,67.489523,131.584704,132.75448975,132.5521865,131.755648,134.157938
476,19032384,349,-23.04136110941569,6.42805338425514,-0.006064769529110401,118.62658233928572,121.87474549999999,63.14002,134.001898,136.86126225,136.966562,135.023147,138.488778
477,19072368,349,-23.05337464259221,5.116312210682111,-0.007921822953414029,116.764209125,119.995781,77.722512,133.700201,137.42994875,139.601097,129.920186,140.597415
478,19112352,349,-23.06454044733292,5.786858961521051,-0.0075615228826464796,112.96210789285715,118.82040549999999,73.600495,129.262037,131.995224,132.41969849999998,130.572864,132.568635
479,19152336,349,-23.07470507988563,6.595262221800975,-0.0008269908432759201,118.53784282142855,122.08281099999999,83.232872,138.057595,97.72627575,89.05057500000001,84.736657,128.067296
480,19192320,349,-23.085151603894356,7.929135026075901,-0.010369423832871223,111.3310465357143,117.11936499999999,79.83891,131.026553,131.991279,131.036786,129.124449,136.767095
481,19232304,349,-23.09955106392885,8.202953564815033,-0.007437680451888203,117.24112117857143,118.9456405,79.358553,132.019415,133.53107425,133.600192,130.862556,136.061357
482,19272288,349,-23.112617028065216,6.221367897437169,-0.002836588963505048,119.71456035714287,121.2502195,88.32105,133.377602,125.921347,133.234785,98.99597,138.219848
483,19312272,349,-23.121683233212202,8.198743329445522,-0.013325914562805198,114.24104160714285,118.9415165,71.76595,131.309605,129.20841325,125.962991,123.805285,141.102386
484,19352256,349,-23.131580083798138,9.594792720904717,-0.0029823359907624808,118.18711685714285,121.305893,62.858882,132.862985,131.5361015,134.5641795,119.654959,137.361088
485,19392240,349,-23.139335759480794,5.151756978187805,0.007383584872280689,119.39865507142856,121.317487,80.096469,136.084446,132.77062775000002,133.84177549999998,129.503338,133.895622
486,19432224,349,-23.141534668360002,21.11696635698661,-0.01393604206980224,112.07172678571429,121.273763,-180.534188,136.137839,125.71209474999999,125.12371949999999,121.235285,131.365655
487,19472208,349,-23.155413891718936,6.480368485817542,-0.0019715474555328117,120.2162577142857,122.121717,80.018776,131.620668,134.44799775,136.733486,120.752258,143.572761
488,19512192,349,-23.16856182783078,16.87196241067006,-0.014197708164358166,120.65688294642857,122.36806899999999,75.857426,136.716287,131.05841675,130.97812349999998,129.983006,132.294414
489,19552176,349,-23.18288836845985,6.136726579605004,0.0005515931440571037,120.04997573214284,122.4568755,77.127773,136.568506,119.76096600000001,126.01931400000001,99.189946,127.81529
490,19592160,349,-23.194595742836977,7.16147530965316,0.0013478140030295039,116.41101928571427,120.9900045,73.585911,135.460525,130.03955224999999,129.530643,127.714489,133.382434
491,19632144,349,-23.20170399103409,5.6219308498578195,0.00370230029048122,118.66690876785717,121.73040449999999,88.182864,137.772342,124.93137425,121.70009350000001,120.032477,136.292833
492,19672128,349,-23.20408249390431,4.888823510973881,0.006969034704800437,118.26030292857142,121.2885335,90.560332,132.444918,128.94938625,129.638533,126.778934,129.741545
493,19712112,349,-23.21315687619723,4.670744397701362,0.01746409590791117,119.54081737499999,121.354783,78.73776,135.248143,124.07375325,124.926098,121.498429,124.944388
494,19752096,349,-23.223678730695674,4.939614693896893,-0.001932179190305014,118.16223157142858,121.10845599999999,72.557238,135.492477,123.4528215,129.42462949999998,91.612952,143.349075
495,19792080,349,-23.23518462547889,6.247159580389659,0.002964158580326535,118.12714546428572,121.1831,78.475199,133.799402,118.08210475,118.1364895,103.414597,132.640843
496,19832064,349,-23.241259936797313,5.767630575176997,0.006481083441068246,114.27673341071429,120.808302,72.889904,132.765757,134.3044585,133.575577,132.084967,137.981713
497,19872048,349,-23.246546148642516,6.511227365640494,-0.010272362273640166,119.57904842857143,123.03422800000001,65.724454,134.853186,136.1591445,137.1692685,127.694911,142.60313
498,19912032,349,-23.2545078033056,6.592715671887764,-0.004971869816472463,121.11154753571428,122.423539,78.89121,133.54219,126.18902675,132.5192405,100.642923,139.074703
499,19952016,349,-23.263164970202325,10.182064979504316,-0.006315045675915033,115.13726666071429,122.222004,-74.192958,136.02135,130.79662075000002,131.6256525,119.277699,140.657479
500,19992000,349,-23.267244974772137,12.134153129504277,-0.010473933789664722,118.5264187857143,121.80172350000001,71.823391,132.249241,130.28352,128.70702,121.44771,142.27233
501,20031984,349,-23.275834176479243,13.084759147961934,-0.015298833847322012,117.27244082142856,121.232501,46.142301,138.066258,129.59375125,126.775673,123.08073,141.742929
502,20071968,350,-23.28580628419534,18.436969134746455,-0.020121932016384864,116.917811375,121.161711,83.876296,135.217011,128.0938325,128.0247895,126.245604,130.080147
503,20111952,350,-23.300502679286858,9.545273922804075,-0.007243989393426977,118.8790735,123.8183295,79.321867,135.283309,117.5633195,121.2030985,86.814579,141.032502
504,20151936,350,-23.313455703930977,11.978004919947722,-0.005606047463385412,116.67705521428572,120.8545395,81.907914,135.209532,104.00486225,92.32063450000001,90.610476,140.767704
505,20191920,350,-23.32777638068566,8.984937125138748,-0.003531723806130079,117.54515510714285,123.16382,67.934575,132.565909,130.09043375,127.62799749999999,124.462869,140.642871
